<metadata xml:lang="en"><Esri><CreaDate>20221013</CreaDate><CreaTime>10024300</CreaTime><ArcGISFormat>1.0</ArcGISFormat><SyncOnce>FALSE</SyncOnce><DataProperties><lineage><Process ToolSource="c:\users\ekv5\appdata\local\programs\arcgis\pro\Resources\ArcToolbox\toolboxes\Data Management Tools.tbx\RegisterWithGeodatabase" Date="20221013" Time="100243" Name="" export="">RegisterWithGeodatabase processing\SVI2020_dev\sde_grasp_svi_2020_SDEADMIN.sde\sde_grasp_svi_2020.sdeadmin.vSVI2020_ALABAMA_tract GRASP_ID SHAPE Polygon "GEOGCS["GCS_North_American_1983",DATUM["D_North_American_1983",SPHEROID["GRS_1980",6378137.0,298.257222101]],PRIMEM["Greenwich",0.0],UNIT["Degree",0.0174532925199433]];-400 -400 1000000000;-100000 10000;-100000 10000;8.98315284119521E-09;0.001;0.001;IsHighPrecision" #</Process><Process ToolSource="c:\users\ekv5\appdata\local\programs\arcgis\pro\Resources\ArcToolbox\toolboxes\Data Management Tools.tbx\ChangePrivileges" Date="20221013" Time="110142" Name="" export="">ChangePrivileges processing\SVI2020_dev\sde_grasp_svi_2020_SDEADMIN.sde\sde_grasp_svi_2020.sdeadmin.vSVI2020_ALABAMA_tract cdc\gp-grasp-all "Grant view privileges" "Do not change edit privileges"</Process><Process ToolSource="c:\users\ekv5\appdata\local\programs\arcgis\pro\Resources\ArcToolbox\toolboxes\Data Management Tools.tbx\ChangePrivileges" Date="20221013" Time="110147" Name="" export="">ChangePrivileges processing\SVI2020_dev\sde_grasp_svi_2020_SDEADMIN.sde\sde_grasp_svi_2020.sdeadmin.vSVI2020_ALABAMA_tract Grasp_portal_user "Grant view privileges" "Do not change edit privileges"</Process><Process ToolSource="c:\users\ekv5\appdata\local\programs\arcgis\pro\Resources\ArcToolbox\toolboxes\Data Management Tools.tbx\ChangePrivileges" Date="20221013" Time="150002" Name="" export="">ChangePrivileges processing\SVI2020_dev\sde_grasp_svi_2020_SDEADMIN.sde\sde_grasp_svi_2020.sdeadmin.vSVI2020_ALABAMA_tract cdc\gp-grasp-all "Grant view privileges" "Do not change edit privileges"</Process><Process ToolSource="c:\users\ekv5\appdata\local\programs\arcgis\pro\Resources\ArcToolbox\toolboxes\Data Management Tools.tbx\ChangePrivileges" Date="20221013" Time="150008" Name="" export="">ChangePrivileges processing\SVI2020_dev\sde_grasp_svi_2020_SDEADMIN.sde\sde_grasp_svi_2020.sdeadmin.vSVI2020_ALABAMA_tract Grasp_portal_user "Grant view privileges" "Do not change edit privileges"</Process><Process ToolSource="c:\users\ekv5\appdata\local\programs\arcgis\pro\Resources\ArcToolbox\toolboxes\Data Management Tools.tbx\CopyFeatures" Date="20221014" Time="135600">CopyFeatures D:\repos\svi_2020\svi_2020_update\processing\SVI2020_dev\sde_grasp_svi_2020_SDEADMIN.sde\sde_grasp_svi_2020.sdeadmin.vSVI2020_US_tract \\cdc.gov\project\ATS_GIS_Store4\Projects\prj06113_SVI_2020_Update\Final_Products\website_downloads\US\vSVI2020_US_tract.shp # # # #</Process></lineage><itemProps><itemName Sync="TRUE">vSVI2020_US_tract</itemName><nativeExtBox><westBL Sync="TRUE">-88.473227</westBL><eastBL Sync="TRUE">-84.889080</eastBL><southBL Sync="TRUE">30.223334</southBL><northBL Sync="TRUE">35.008028</northBL><exTypeCode Sync="TRUE">1</exTypeCode></nativeExtBox><itemLocation><linkage Sync="TRUE">file://\\cdc.gov\project\ATS_GIS_Store4\Projects\prj06113_SVI_2020_Update\Final_Products\website_downloads\US\vSVI2020_US_tract.shp</linkage><protocol Sync="TRUE">Local Area Network</protocol></itemLocation><imsContentType Sync="TRUE">002</imsContentType><itemSize Sync="TRUE">0.000</itemSize></itemProps><coordRef><type Sync="TRUE">Geographic</type><geogcsn Sync="TRUE">GCS_North_American_1983</geogcsn><csUnits Sync="TRUE">Angular Unit: Degree (0.017453)</csUnits><peXml Sync="TRUE">&lt;GeographicCoordinateSystem xsi:type='typens:GeographicCoordinateSystem' xmlns:xsi='http://www.w3.org/2001/XMLSchema-instance' xmlns:xs='http://www.w3.org/2001/XMLSchema' xmlns:typens='http://www.esri.com/schemas/ArcGIS/2.9.0'&gt;&lt;WKT&gt;GEOGCS[&amp;quot;GCS_North_American_1983&amp;quot;,DATUM[&amp;quot;D_North_American_1983&amp;quot;,SPHEROID[&amp;quot;GRS_1980&amp;quot;,6378137.0,298.257222101]],PRIMEM[&amp;quot;Greenwich&amp;quot;,0.0],UNIT[&amp;quot;Degree&amp;quot;,0.0174532925199433],AUTHORITY[&amp;quot;EPSG&amp;quot;,4269]]&lt;/WKT&gt;&lt;XOrigin&gt;-400&lt;/XOrigin&gt;&lt;YOrigin&gt;-400&lt;/YOrigin&gt;&lt;XYScale&gt;11258999068426.238&lt;/XYScale&gt;&lt;ZOrigin&gt;-100000&lt;/ZOrigin&gt;&lt;ZScale&gt;10000&lt;/ZScale&gt;&lt;MOrigin&gt;-100000&lt;/MOrigin&gt;&lt;MScale&gt;10000&lt;/MScale&gt;&lt;XYTolerance&gt;8.983152841195215e-09&lt;/XYTolerance&gt;&lt;ZTolerance&gt;0.001&lt;/ZTolerance&gt;&lt;MTolerance&gt;0.001&lt;/MTolerance&gt;&lt;HighPrecision&gt;true&lt;/HighPrecision&gt;&lt;LeftLongitude&gt;-180&lt;/LeftLongitude&gt;&lt;WKID&gt;4269&lt;/WKID&gt;&lt;LatestWKID&gt;4269&lt;/LatestWKID&gt;&lt;/GeographicCoordinateSystem&gt;</peXml></coordRef></DataProperties><SyncDate>20221014</SyncDate><SyncTime>13535600</SyncTime><ModDate>20221014</ModDate><ModTime>13535600</ModTime><scaleRange><minScale>150000000</minScale><maxScale>5000</maxScale></scaleRange><ArcGISProfile>NAP</ArcGISProfile></Esri><mdLang><languageCode value="eng"/><countryCode value="USA" Sync="TRUE"/></mdLang><mdChar><CharSetCd value="004"/></mdChar><mdHrLv><ScopeCd value="005"/></mdHrLv><mdContact><rpIndName>SVI Coordinator</rpIndName><rpOrgName>CDC\TSDR\GRASP</rpOrgName><role><RoleCd value="007"/></role><rpCntInfo><cntAddress><eMailAdd>svi_coordinator@cdc.gov</eMailAdd></cntAddress></rpCntInfo><editorSave>False</editorSave><displayName>SVI Coordinator</displayName></mdContact><dataIdInfo><idCitation><resTitle>CDC\ATSDR Social Vulnerability Index 2020 - United States, tract</resTitle><resAltTitle>SVI2020</resAltTitle><datasetSeries><seriesName>CDC\ATSDR Social Vulnerability Index</seriesName></datasetSeries><citRespParty><rpIndName>SVI Coordinator</rpIndName><rpOrgName>CDC\TSDR\GRASP</rpOrgName><role><RoleCd value="007"/></role><rpCntInfo><cntAddress><eMailAdd>svi_coordinator@cdc.gov</eMailAdd></cntAddress></rpCntInfo></citRespParty><citRespParty><rpIndName>SVI Coordinator</rpIndName><rpOrgName>CDC\TSDR\GRASP</rpOrgName><role><RoleCd value="007"/></role><displayName>SVI Coordinator</displayName></citRespParty><presForm><PresFormCd value="005" Sync="TRUE"/></presForm></idCitation><searchKeys><keyword>SVI 2020</keyword><keyword>GRASP</keyword><keyword>CDC</keyword><keyword>ATSDR</keyword><keyword>social vulnerability</keyword><keyword>social vulnerability index</keyword><keyword>tract</keyword><keyword>census</keyword><keyword>American Community Survey</keyword><keyword>United States</keyword></searchKeys><idPurp>The CDC\ATSDR Social Vulnerability Index (SVI) is a tool, created by the Geospatial Research, Analysis and Services Program (GRASP), to help public health officials and emergency response planners identify and map the communities that will most likely need support before, during, and after a hazardous event. The tract-level SVI shows the relative vulnerability of the population of every U.S. Census tract. The county-level SVI shows the relative vulnerability of every U.S. county population. The SVI ranks tracts (or counties) on 16 social factors, described in detail in the documentation. The tract (or county) rankings for individual factors are further grouped into four related themes. Thus each enumeration unit receives a ranking for each Census variable and for each of the four themes, as well as an overall ranking.</idPurp><idAbs>&lt;DIV STYLE="text-align:Left;"&gt;&lt;DIV&gt;&lt;DIV&gt;&lt;P&gt;&lt;SPAN&gt;See complete documentation here: &lt;/SPAN&gt;&lt;A href="https://www.atsdr.cdc.gov/placeandhealth/svi/data_documentation_download.html" STYLE="text-decoration:underline;"&gt;&lt;SPAN STYLE="text-decoration:underline;"&gt;&lt;SPAN&gt;https://www.atsdr.cdc.gov/placeandhealth/svi/data_documentation_download.html&lt;/SPAN&gt;&lt;/SPAN&gt;&lt;/A&gt;&lt;SPAN&gt;. For additional questions, contact the SVI Lead at svi_coordinator@cdc.gov.&lt;/SPAN&gt;&lt;/P&gt;&lt;/DIV&gt;&lt;/DIV&gt;&lt;/DIV&gt;</idAbs><idCredit>CDC\ATSDR\Office of Innovation and Analytics\Geospatial Research, Analysis, and Services Program (GRASP)</idCredit><themeKeys><keyword>social vulnerability</keyword></themeKeys><tempKeys><keyword>2020</keyword></tempKeys><tempKeys><keyword>2016-2020</keyword></tempKeys><envirDesc Sync="TRUE">Microsoft Windows 10 Version 10.0 (Build 19044) ; Esri ArcGIS 12.9.4.32739</envirDesc><dataLang><languageCode value="eng" Sync="TRUE"/><countryCode value="USA" Sync="TRUE"/></dataLang><spatRpType><SpatRepTypCd value="001" Sync="TRUE"/></spatRpType><dataExt><geoEle xmlns=""><GeoBndBox esriExtentType="search"><exTypeCode Sync="TRUE">1</exTypeCode><westBL Sync="TRUE">-88.473227</westBL><eastBL Sync="TRUE">-84.889080</eastBL><northBL Sync="TRUE">35.008028</northBL><southBL Sync="TRUE">30.223334</southBL></GeoBndBox></geoEle></dataExt><tpCat><TopicCatCd value="009"/></tpCat><tpCat><TopicCatCd value="016"/></tpCat></dataIdInfo><refSysInfo><RefSystem dimension="horizontal"><refSysID><identCode code="4269" Sync="TRUE"/><idCodeSpace Sync="TRUE">EPSG</idCodeSpace><idVersion Sync="TRUE">6.5(3.0.1)</idVersion></refSysID></RefSystem></refSysInfo><eainfo><detailed Name="vSVI2020_US_tract"><enttyp><enttypl Sync="TRUE">vSVI2020_US_tract</enttypl><enttypt Sync="TRUE">Feature Class</enttypt><enttypc Sync="TRUE">0</enttypc></enttyp><attr><attrlabl Sync="TRUE">FID</attrlabl><attalias Sync="TRUE">FID</attalias><attrtype Sync="TRUE">OID</attrtype><attwidth Sync="TRUE">4</attwidth><atprecis Sync="TRUE">0</atprecis><attscale Sync="TRUE">0</attscale><attrdef Sync="TRUE">Internal feature number.</attrdef><attrdefs Sync="TRUE">Esri</attrdefs><attrdomv><udom Sync="TRUE">Sequential unique whole numbers that are automatically generated.</udom></attrdomv></attr><attr><attrlabl Sync="TRUE">ST</attrlabl><attalias Sync="TRUE">ST</attalias><attrtype Sync="TRUE">String</attrtype><attwidth Sync="TRUE">2</attwidth><atprecis Sync="TRUE">0</atprecis><attscale Sync="TRUE">0</attscale></attr><attr><attrlabl Sync="TRUE">STATE</attrlabl><attalias Sync="TRUE">STATE</attalias><attrtype Sync="TRUE">String</attrtype><attwidth Sync="TRUE">254</attwidth><atprecis Sync="TRUE">0</atprecis><attscale Sync="TRUE">0</attscale></attr><attr><attrlabl Sync="TRUE">ST_ABBR</attrlabl><attalias Sync="TRUE">ST_ABBR</attalias><attrtype Sync="TRUE">String</attrtype><attwidth Sync="TRUE">2</attwidth><atprecis Sync="TRUE">0</atprecis><attscale Sync="TRUE">0</attscale></attr><attr><attrlabl Sync="TRUE">STCNTY</attrlabl><attalias Sync="TRUE">STCNTY</attalias><attrtype Sync="TRUE">String</attrtype><attwidth Sync="TRUE">5</attwidth><atprecis Sync="TRUE">0</atprecis><attscale Sync="TRUE">0</attscale></attr><attr><attrlabl Sync="TRUE">COUNTY</attrlabl><attalias Sync="TRUE">COUNTY</attalias><attrtype Sync="TRUE">String</attrtype><attwidth Sync="TRUE">254</attwidth><atprecis Sync="TRUE">0</atprecis><attscale Sync="TRUE">0</attscale></attr><attr><attrlabl Sync="TRUE">FIPS</attrlabl><attalias Sync="TRUE">FIPS</attalias><attrtype Sync="TRUE">String</attrtype><attwidth Sync="TRUE">30</attwidth><atprecis Sync="TRUE">0</atprecis><attscale Sync="TRUE">0</attscale></attr><attr><attrlabl Sync="TRUE">LOCATION</attrlabl><attalias Sync="TRUE">LOCATION</attalias><attrtype Sync="TRUE">String</attrtype><attwidth Sync="TRUE">254</attwidth><atprecis Sync="TRUE">0</atprecis><attscale Sync="TRUE">0</attscale></attr><attr><attrlabl Sync="TRUE">RPL_THEMES</attrlabl><attalias Sync="TRUE">RPL_THEMES</attalias><attrtype Sync="TRUE">Double</attrtype><attwidth Sync="TRUE">19</attwidth><atprecis Sync="TRUE">18</atprecis><attscale Sync="TRUE">4</attscale></attr><attr><attrlabl Sync="TRUE">AREA_SQMI</attrlabl><attalias Sync="TRUE">AREA_SQMI</attalias><attrtype Sync="TRUE">Double</attrtype><attwidth Sync="TRUE">19</attwidth><atprecis Sync="TRUE">0</atprecis><attscale Sync="TRUE">0</attscale></attr><attr><attrlabl Sync="TRUE">E_TOTPOP</attrlabl><attalias Sync="TRUE">E_TOTPOP</attalias><attrtype Sync="TRUE">Integer</attrtype><attwidth Sync="TRUE">10</attwidth><atprecis Sync="TRUE">10</atprecis><attscale Sync="TRUE">0</attscale></attr><attr><attrlabl Sync="TRUE">M_TOTPOP</attrlabl><attalias Sync="TRUE">M_TOTPOP</attalias><attrtype Sync="TRUE">Integer</attrtype><attwidth Sync="TRUE">10</attwidth><atprecis Sync="TRUE">10</atprecis><attscale Sync="TRUE">0</attscale></attr><attr><attrlabl Sync="TRUE">E_HU</attrlabl><attalias Sync="TRUE">E_HU</attalias><attrtype Sync="TRUE">Integer</attrtype><attwidth Sync="TRUE">10</attwidth><atprecis Sync="TRUE">10</atprecis><attscale Sync="TRUE">0</attscale></attr><attr><attrlabl Sync="TRUE">M_HU</attrlabl><attalias Sync="TRUE">M_HU</attalias><attrtype Sync="TRUE">Integer</attrtype><attwidth Sync="TRUE">10</attwidth><atprecis Sync="TRUE">10</atprecis><attscale Sync="TRUE">0</attscale></attr><attr><attrlabl Sync="TRUE">E_HH</attrlabl><attalias Sync="TRUE">E_HH</attalias><attrtype Sync="TRUE">Integer</attrtype><attwidth Sync="TRUE">10</attwidth><atprecis Sync="TRUE">10</atprecis><attscale Sync="TRUE">0</attscale></attr><attr><attrlabl Sync="TRUE">M_HH</attrlabl><attalias Sync="TRUE">M_HH</attalias><attrtype Sync="TRUE">Integer</attrtype><attwidth Sync="TRUE">10</attwidth><atprecis Sync="TRUE">10</atprecis><attscale Sync="TRUE">0</attscale></attr><attr><attrlabl Sync="TRUE">E_POV150</attrlabl><attalias Sync="TRUE">E_POV150</attalias><attrtype Sync="TRUE">Integer</attrtype><attwidth Sync="TRUE">10</attwidth><atprecis Sync="TRUE">10</atprecis><attscale Sync="TRUE">0</attscale></attr><attr><attrlabl Sync="TRUE">M_POV150</attrlabl><attalias Sync="TRUE">M_POV150</attalias><attrtype Sync="TRUE">Integer</attrtype><attwidth Sync="TRUE">10</attwidth><atprecis Sync="TRUE">10</atprecis><attscale Sync="TRUE">0</attscale></attr><attr><attrlabl Sync="TRUE">E_UNEMP</attrlabl><attalias Sync="TRUE">E_UNEMP</attalias><attrtype Sync="TRUE">Integer</attrtype><attwidth Sync="TRUE">10</attwidth><atprecis Sync="TRUE">10</atprecis><attscale Sync="TRUE">0</attscale></attr><attr><attrlabl Sync="TRUE">M_UNEMP</attrlabl><attalias Sync="TRUE">M_UNEMP</attalias><attrtype Sync="TRUE">Integer</attrtype><attwidth Sync="TRUE">10</attwidth><atprecis Sync="TRUE">10</atprecis><attscale Sync="TRUE">0</attscale></attr><attr><attrlabl Sync="TRUE">E_HBURD</attrlabl><attalias Sync="TRUE">E_HBURD</attalias><attrtype Sync="TRUE">Integer</attrtype><attwidth Sync="TRUE">10</attwidth><atprecis Sync="TRUE">10</atprecis><attscale Sync="TRUE">0</attscale></attr><attr><attrlabl Sync="TRUE">M_HBURD</attrlabl><attalias Sync="TRUE">M_HBURD</attalias><attrtype Sync="TRUE">Integer</attrtype><attwidth Sync="TRUE">10</attwidth><atprecis Sync="TRUE">10</atprecis><attscale Sync="TRUE">0</attscale></attr><attr><attrlabl Sync="TRUE">E_NOHSDP</attrlabl><attalias Sync="TRUE">E_NOHSDP</attalias><attrtype Sync="TRUE">Integer</attrtype><attwidth Sync="TRUE">10</attwidth><atprecis Sync="TRUE">10</atprecis><attscale Sync="TRUE">0</attscale></attr><attr><attrlabl Sync="TRUE">M_NOHSDP</attrlabl><attalias Sync="TRUE">M_NOHSDP</attalias><attrtype Sync="TRUE">Integer</attrtype><attwidth Sync="TRUE">10</attwidth><atprecis Sync="TRUE">10</atprecis><attscale Sync="TRUE">0</attscale></attr><attr><attrlabl Sync="TRUE">E_UNINSUR</attrlabl><attalias Sync="TRUE">E_UNINSUR</attalias><attrtype Sync="TRUE">Integer</attrtype><attwidth Sync="TRUE">10</attwidth><atprecis Sync="TRUE">10</atprecis><attscale Sync="TRUE">0</attscale></attr><attr><attrlabl Sync="TRUE">M_UNINSUR</attrlabl><attalias Sync="TRUE">M_UNINSUR</attalias><attrtype Sync="TRUE">Integer</attrtype><attwidth Sync="TRUE">10</attwidth><atprecis Sync="TRUE">10</atprecis><attscale Sync="TRUE">0</attscale></attr><attr><attrlabl Sync="TRUE">EP_POV150</attrlabl><attalias Sync="TRUE">EP_POV150</attalias><attrtype Sync="TRUE">Double</attrtype><attwidth Sync="TRUE">19</attwidth><atprecis Sync="TRUE">18</atprecis><attscale Sync="TRUE">1</attscale></attr><attr><attrlabl Sync="TRUE">MP_POV150</attrlabl><attalias Sync="TRUE">MP_POV150</attalias><attrtype Sync="TRUE">Double</attrtype><attwidth Sync="TRUE">19</attwidth><atprecis Sync="TRUE">18</atprecis><attscale Sync="TRUE">1</attscale></attr><attr><attrlabl Sync="TRUE">EP_UNEMP</attrlabl><attalias Sync="TRUE">EP_UNEMP</attalias><attrtype Sync="TRUE">Double</attrtype><attwidth Sync="TRUE">19</attwidth><atprecis Sync="TRUE">18</atprecis><attscale Sync="TRUE">1</attscale></attr><attr><attrlabl Sync="TRUE">MP_UNEMP</attrlabl><attalias Sync="TRUE">MP_UNEMP</attalias><attrtype Sync="TRUE">Double</attrtype><attwidth Sync="TRUE">19</attwidth><atprecis Sync="TRUE">18</atprecis><attscale Sync="TRUE">1</attscale></attr><attr><attrlabl Sync="TRUE">EP_HBURD</attrlabl><attalias Sync="TRUE">EP_HBURD</attalias><attrtype Sync="TRUE">Double</attrtype><attwidth Sync="TRUE">19</attwidth><atprecis Sync="TRUE">18</atprecis><attscale Sync="TRUE">1</attscale></attr><attr><attrlabl Sync="TRUE">MP_HBURD</attrlabl><attalias Sync="TRUE">MP_HBURD</attalias><attrtype Sync="TRUE">Double</attrtype><attwidth Sync="TRUE">19</attwidth><atprecis Sync="TRUE">18</atprecis><attscale Sync="TRUE">1</attscale></attr><attr><attrlabl Sync="TRUE">EP_NOHSDP</attrlabl><attalias Sync="TRUE">EP_NOHSDP</attalias><attrtype Sync="TRUE">Double</attrtype><attwidth Sync="TRUE">19</attwidth><atprecis Sync="TRUE">18</atprecis><attscale Sync="TRUE">1</attscale></attr><attr><attrlabl Sync="TRUE">MP_NOHSDP</attrlabl><attalias Sync="TRUE">MP_NOHSDP</attalias><attrtype Sync="TRUE">Double</attrtype><attwidth Sync="TRUE">19</attwidth><atprecis Sync="TRUE">18</atprecis><attscale Sync="TRUE">1</attscale></attr><attr><attrlabl Sync="TRUE">EP_UNINSUR</attrlabl><attalias Sync="TRUE">EP_UNINSUR</attalias><attrtype Sync="TRUE">Double</attrtype><attwidth Sync="TRUE">19</attwidth><atprecis Sync="TRUE">18</atprecis><attscale Sync="TRUE">1</attscale></attr><attr><attrlabl Sync="TRUE">MP_UNINSUR</attrlabl><attalias Sync="TRUE">MP_UNINSUR</attalias><attrtype Sync="TRUE">Double</attrtype><attwidth Sync="TRUE">19</attwidth><atprecis Sync="TRUE">18</atprecis><attscale Sync="TRUE">1</attscale></attr><attr><attrlabl Sync="TRUE">EPL_POV150</attrlabl><attalias Sync="TRUE">EPL_POV150</attalias><attrtype Sync="TRUE">Double</attrtype><attwidth Sync="TRUE">19</attwidth><atprecis Sync="TRUE">18</atprecis><attscale Sync="TRUE">4</attscale></attr><attr><attrlabl Sync="TRUE">EPL_UNEMP</attrlabl><attalias Sync="TRUE">EPL_UNEMP</attalias><attrtype Sync="TRUE">Double</attrtype><attwidth Sync="TRUE">19</attwidth><atprecis Sync="TRUE">18</atprecis><attscale Sync="TRUE">4</attscale></attr><attr><attrlabl Sync="TRUE">EPL_HBURD</attrlabl><attalias Sync="TRUE">EPL_HBURD</attalias><attrtype Sync="TRUE">Double</attrtype><attwidth Sync="TRUE">19</attwidth><atprecis Sync="TRUE">18</atprecis><attscale Sync="TRUE">4</attscale></attr><attr><attrlabl Sync="TRUE">EPL_NOHSDP</attrlabl><attalias Sync="TRUE">EPL_NOHSDP</attalias><attrtype Sync="TRUE">Double</attrtype><attwidth Sync="TRUE">19</attwidth><atprecis Sync="TRUE">18</atprecis><attscale Sync="TRUE">4</attscale></attr><attr><attrlabl Sync="TRUE">SPL_THEME1</attrlabl><attalias Sync="TRUE">SPL_THEME1</attalias><attrtype Sync="TRUE">Double</attrtype><attwidth Sync="TRUE">19</attwidth><atprecis Sync="TRUE">18</atprecis><attscale Sync="TRUE">4</attscale></attr><attr><attrlabl Sync="TRUE">EPL_UNINSU</attrlabl><attalias Sync="TRUE">EPL_UNINSU</attalias><attrtype Sync="TRUE">Double</attrtype><attwidth Sync="TRUE">19</attwidth><atprecis Sync="TRUE">18</atprecis><attscale Sync="TRUE">4</attscale></attr><attr><attrlabl Sync="TRUE">RPL_THEME1</attrlabl><attalias Sync="TRUE">RPL_THEME1</attalias><attrtype Sync="TRUE">Double</attrtype><attwidth Sync="TRUE">19</attwidth><atprecis Sync="TRUE">18</atprecis><attscale Sync="TRUE">4</attscale></attr><attr><attrlabl Sync="TRUE">E_AGE65</attrlabl><attalias Sync="TRUE">E_AGE65</attalias><attrtype Sync="TRUE">Integer</attrtype><attwidth Sync="TRUE">10</attwidth><atprecis Sync="TRUE">10</atprecis><attscale Sync="TRUE">0</attscale></attr><attr><attrlabl Sync="TRUE">M_AGE65</attrlabl><attalias Sync="TRUE">M_AGE65</attalias><attrtype Sync="TRUE">Integer</attrtype><attwidth Sync="TRUE">10</attwidth><atprecis Sync="TRUE">10</atprecis><attscale Sync="TRUE">0</attscale></attr><attr><attrlabl Sync="TRUE">E_AGE17</attrlabl><attalias Sync="TRUE">E_AGE17</attalias><attrtype Sync="TRUE">Integer</attrtype><attwidth Sync="TRUE">10</attwidth><atprecis Sync="TRUE">10</atprecis><attscale Sync="TRUE">0</attscale></attr><attr><attrlabl Sync="TRUE">M_AGE17</attrlabl><attalias Sync="TRUE">M_AGE17</attalias><attrtype Sync="TRUE">Integer</attrtype><attwidth Sync="TRUE">10</attwidth><atprecis Sync="TRUE">10</atprecis><attscale Sync="TRUE">0</attscale></attr><attr><attrlabl Sync="TRUE">E_DISABL</attrlabl><attalias Sync="TRUE">E_DISABL</attalias><attrtype Sync="TRUE">Integer</attrtype><attwidth Sync="TRUE">10</attwidth><atprecis Sync="TRUE">10</atprecis><attscale Sync="TRUE">0</attscale></attr><attr><attrlabl Sync="TRUE">M_DISABL</attrlabl><attalias Sync="TRUE">M_DISABL</attalias><attrtype Sync="TRUE">Integer</attrtype><attwidth Sync="TRUE">10</attwidth><atprecis Sync="TRUE">10</atprecis><attscale Sync="TRUE">0</attscale></attr><attr><attrlabl Sync="TRUE">E_SNGPNT</attrlabl><attalias Sync="TRUE">E_SNGPNT</attalias><attrtype Sync="TRUE">Integer</attrtype><attwidth Sync="TRUE">10</attwidth><atprecis Sync="TRUE">10</atprecis><attscale Sync="TRUE">0</attscale></attr><attr><attrlabl Sync="TRUE">M_SNGPNT</attrlabl><attalias Sync="TRUE">M_SNGPNT</attalias><attrtype Sync="TRUE">Integer</attrtype><attwidth Sync="TRUE">10</attwidth><atprecis Sync="TRUE">10</atprecis><attscale Sync="TRUE">0</attscale></attr><attr><attrlabl Sync="TRUE">E_LIMENG</attrlabl><attalias Sync="TRUE">E_LIMENG</attalias><attrtype Sync="TRUE">Integer</attrtype><attwidth Sync="TRUE">10</attwidth><atprecis Sync="TRUE">10</atprecis><attscale Sync="TRUE">0</attscale></attr><attr><attrlabl Sync="TRUE">M_LIMENG</attrlabl><attalias Sync="TRUE">M_LIMENG</attalias><attrtype Sync="TRUE">Integer</attrtype><attwidth Sync="TRUE">10</attwidth><atprecis Sync="TRUE">10</atprecis><attscale Sync="TRUE">0</attscale></attr><attr><attrlabl Sync="TRUE">EP_AGE65</attrlabl><attalias Sync="TRUE">EP_AGE65</attalias><attrtype Sync="TRUE">Double</attrtype><attwidth Sync="TRUE">19</attwidth><atprecis Sync="TRUE">18</atprecis><attscale Sync="TRUE">1</attscale></attr><attr><attrlabl Sync="TRUE">MP_AGE65</attrlabl><attalias Sync="TRUE">MP_AGE65</attalias><attrtype Sync="TRUE">Double</attrtype><attwidth Sync="TRUE">19</attwidth><atprecis Sync="TRUE">18</atprecis><attscale Sync="TRUE">1</attscale></attr><attr><attrlabl Sync="TRUE">EP_AGE17</attrlabl><attalias Sync="TRUE">EP_AGE17</attalias><attrtype Sync="TRUE">Double</attrtype><attwidth Sync="TRUE">19</attwidth><atprecis Sync="TRUE">18</atprecis><attscale Sync="TRUE">1</attscale></attr><attr><attrlabl Sync="TRUE">MP_AGE17</attrlabl><attalias Sync="TRUE">MP_AGE17</attalias><attrtype Sync="TRUE">Double</attrtype><attwidth Sync="TRUE">19</attwidth><atprecis Sync="TRUE">18</atprecis><attscale Sync="TRUE">1</attscale></attr><attr><attrlabl Sync="TRUE">EP_DISABL</attrlabl><attalias Sync="TRUE">EP_DISABL</attalias><attrtype Sync="TRUE">Double</attrtype><attwidth Sync="TRUE">19</attwidth><atprecis Sync="TRUE">18</atprecis><attscale Sync="TRUE">1</attscale></attr><attr><attrlabl Sync="TRUE">MP_DISABL</attrlabl><attalias Sync="TRUE">MP_DISABL</attalias><attrtype Sync="TRUE">Double</attrtype><attwidth Sync="TRUE">19</attwidth><atprecis Sync="TRUE">18</atprecis><attscale Sync="TRUE">1</attscale></attr><attr><attrlabl Sync="TRUE">EP_SNGPNT</attrlabl><attalias Sync="TRUE">EP_SNGPNT</attalias><attrtype Sync="TRUE">Double</attrtype><attwidth Sync="TRUE">19</attwidth><atprecis Sync="TRUE">18</atprecis><attscale Sync="TRUE">1</attscale></attr><attr><attrlabl Sync="TRUE">MP_SNGPNT</attrlabl><attalias Sync="TRUE">MP_SNGPNT</attalias><attrtype Sync="TRUE">Double</attrtype><attwidth Sync="TRUE">19</attwidth><atprecis Sync="TRUE">18</atprecis><attscale Sync="TRUE">1</attscale></attr><attr><attrlabl Sync="TRUE">EP_LIMENG</attrlabl><attalias Sync="TRUE">EP_LIMENG</attalias><attrtype Sync="TRUE">Double</attrtype><attwidth Sync="TRUE">19</attwidth><atprecis Sync="TRUE">18</atprecis><attscale Sync="TRUE">1</attscale></attr><attr><attrlabl Sync="TRUE">MP_LIMENG</attrlabl><attalias Sync="TRUE">MP_LIMENG</attalias><attrtype Sync="TRUE">Double</attrtype><attwidth Sync="TRUE">19</attwidth><atprecis Sync="TRUE">18</atprecis><attscale Sync="TRUE">1</attscale></attr><attr><attrlabl Sync="TRUE">EPL_AGE65</attrlabl><attalias Sync="TRUE">EPL_AGE65</attalias><attrtype Sync="TRUE">Double</attrtype><attwidth Sync="TRUE">19</attwidth><atprecis Sync="TRUE">18</atprecis><attscale Sync="TRUE">4</attscale></attr><attr><attrlabl Sync="TRUE">EPL_AGE17</attrlabl><attalias Sync="TRUE">EPL_AGE17</attalias><attrtype Sync="TRUE">Double</attrtype><attwidth Sync="TRUE">19</attwidth><atprecis Sync="TRUE">18</atprecis><attscale Sync="TRUE">4</attscale></attr><attr><attrlabl Sync="TRUE">EPL_DISABL</attrlabl><attalias Sync="TRUE">EPL_DISABL</attalias><attrtype Sync="TRUE">Double</attrtype><attwidth Sync="TRUE">19</attwidth><atprecis Sync="TRUE">18</atprecis><attscale Sync="TRUE">4</attscale></attr><attr><attrlabl Sync="TRUE">EPL_SNGPNT</attrlabl><attalias Sync="TRUE">EPL_SNGPNT</attalias><attrtype Sync="TRUE">Double</attrtype><attwidth Sync="TRUE">19</attwidth><atprecis Sync="TRUE">18</atprecis><attscale Sync="TRUE">4</attscale></attr><attr><attrlabl Sync="TRUE">EPL_LIMENG</attrlabl><attalias Sync="TRUE">EPL_LIMENG</attalias><attrtype Sync="TRUE">Double</attrtype><attwidth Sync="TRUE">19</attwidth><atprecis Sync="TRUE">18</atprecis><attscale Sync="TRUE">4</attscale></attr><attr><attrlabl Sync="TRUE">SPL_THEME2</attrlabl><attalias Sync="TRUE">SPL_THEME2</attalias><attrtype Sync="TRUE">Double</attrtype><attwidth Sync="TRUE">19</attwidth><atprecis Sync="TRUE">18</atprecis><attscale Sync="TRUE">4</attscale></attr><attr><attrlabl Sync="TRUE">RPL_THEME2</attrlabl><attalias Sync="TRUE">RPL_THEME2</attalias><attrtype Sync="TRUE">Double</attrtype><attwidth Sync="TRUE">19</attwidth><atprecis Sync="TRUE">18</atprecis><attscale Sync="TRUE">4</attscale></attr><attr><attrlabl Sync="TRUE">E_MINRTY</attrlabl><attalias Sync="TRUE">E_MINRTY</attalias><attrtype Sync="TRUE">Integer</attrtype><attwidth Sync="TRUE">10</attwidth><atprecis Sync="TRUE">10</atprecis><attscale Sync="TRUE">0</attscale></attr><attr><attrlabl Sync="TRUE">M_MINRTY</attrlabl><attalias Sync="TRUE">M_MINRTY</attalias><attrtype Sync="TRUE">Integer</attrtype><attwidth Sync="TRUE">10</attwidth><atprecis Sync="TRUE">10</atprecis><attscale Sync="TRUE">0</attscale></attr><attr><attrlabl Sync="TRUE">EP_MINRTY</attrlabl><attalias Sync="TRUE">EP_MINRTY</attalias><attrtype Sync="TRUE">Double</attrtype><attwidth Sync="TRUE">19</attwidth><atprecis Sync="TRUE">18</atprecis><attscale Sync="TRUE">1</attscale></attr><attr><attrlabl Sync="TRUE">MP_MINRTY</attrlabl><attalias Sync="TRUE">MP_MINRTY</attalias><attrtype Sync="TRUE">Double</attrtype><attwidth Sync="TRUE">19</attwidth><atprecis Sync="TRUE">18</atprecis><attscale Sync="TRUE">1</attscale></attr><attr><attrlabl Sync="TRUE">EPL_MINRTY</attrlabl><attalias Sync="TRUE">EPL_MINRTY</attalias><attrtype Sync="TRUE">Double</attrtype><attwidth Sync="TRUE">19</attwidth><atprecis Sync="TRUE">18</atprecis><attscale Sync="TRUE">4</attscale></attr><attr><attrlabl Sync="TRUE">SPL_THEME3</attrlabl><attalias Sync="TRUE">SPL_THEME3</attalias><attrtype Sync="TRUE">Double</attrtype><attwidth Sync="TRUE">19</attwidth><atprecis Sync="TRUE">18</atprecis><attscale Sync="TRUE">4</attscale></attr><attr><attrlabl Sync="TRUE">RPL_THEME3</attrlabl><attalias Sync="TRUE">RPL_THEME3</attalias><attrtype Sync="TRUE">Double</attrtype><attwidth Sync="TRUE">19</attwidth><atprecis Sync="TRUE">18</atprecis><attscale Sync="TRUE">4</attscale></attr><attr><attrlabl Sync="TRUE">E_MUNIT</attrlabl><attalias Sync="TRUE">E_MUNIT</attalias><attrtype Sync="TRUE">Integer</attrtype><attwidth Sync="TRUE">10</attwidth><atprecis Sync="TRUE">10</atprecis><attscale Sync="TRUE">0</attscale></attr><attr><attrlabl Sync="TRUE">M_MUNIT</attrlabl><attalias Sync="TRUE">M_MUNIT</attalias><attrtype Sync="TRUE">Integer</attrtype><attwidth Sync="TRUE">10</attwidth><atprecis Sync="TRUE">10</atprecis><attscale Sync="TRUE">0</attscale></attr><attr><attrlabl Sync="TRUE">E_MOBILE</attrlabl><attalias Sync="TRUE">E_MOBILE</attalias><attrtype Sync="TRUE">Integer</attrtype><attwidth Sync="TRUE">10</attwidth><atprecis Sync="TRUE">10</atprecis><attscale Sync="TRUE">0</attscale></attr><attr><attrlabl Sync="TRUE">M_MOBILE</attrlabl><attalias Sync="TRUE">M_MOBILE</attalias><attrtype Sync="TRUE">Integer</attrtype><attwidth Sync="TRUE">10</attwidth><atprecis Sync="TRUE">10</atprecis><attscale Sync="TRUE">0</attscale></attr><attr><attrlabl Sync="TRUE">E_CROWD</attrlabl><attalias Sync="TRUE">E_CROWD</attalias><attrtype Sync="TRUE">Integer</attrtype><attwidth Sync="TRUE">10</attwidth><atprecis Sync="TRUE">10</atprecis><attscale Sync="TRUE">0</attscale></attr><attr><attrlabl Sync="TRUE">M_CROWD</attrlabl><attalias Sync="TRUE">M_CROWD</attalias><attrtype Sync="TRUE">Integer</attrtype><attwidth Sync="TRUE">10</attwidth><atprecis Sync="TRUE">10</atprecis><attscale Sync="TRUE">0</attscale></attr><attr><attrlabl Sync="TRUE">E_NOVEH</attrlabl><attalias Sync="TRUE">E_NOVEH</attalias><attrtype Sync="TRUE">Integer</attrtype><attwidth Sync="TRUE">10</attwidth><atprecis Sync="TRUE">10</atprecis><attscale Sync="TRUE">0</attscale></attr><attr><attrlabl Sync="TRUE">M_NOVEH</attrlabl><attalias Sync="TRUE">M_NOVEH</attalias><attrtype Sync="TRUE">Integer</attrtype><attwidth Sync="TRUE">10</attwidth><atprecis Sync="TRUE">10</atprecis><attscale Sync="TRUE">0</attscale></attr><attr><attrlabl Sync="TRUE">E_GROUPQ</attrlabl><attalias Sync="TRUE">E_GROUPQ</attalias><attrtype Sync="TRUE">Integer</attrtype><attwidth Sync="TRUE">10</attwidth><atprecis Sync="TRUE">10</atprecis><attscale Sync="TRUE">0</attscale></attr><attr><attrlabl Sync="TRUE">M_GROUPQ</attrlabl><attalias Sync="TRUE">M_GROUPQ</attalias><attrtype Sync="TRUE">Integer</attrtype><attwidth Sync="TRUE">10</attwidth><atprecis Sync="TRUE">10</atprecis><attscale Sync="TRUE">0</attscale></attr><attr><attrlabl Sync="TRUE">EP_MUNIT</attrlabl><attalias Sync="TRUE">EP_MUNIT</attalias><attrtype Sync="TRUE">Double</attrtype><attwidth Sync="TRUE">19</attwidth><atprecis Sync="TRUE">18</atprecis><attscale Sync="TRUE">1</attscale></attr><attr><attrlabl Sync="TRUE">MP_MUNIT</attrlabl><attalias Sync="TRUE">MP_MUNIT</attalias><attrtype Sync="TRUE">Double</attrtype><attwidth Sync="TRUE">19</attwidth><atprecis Sync="TRUE">18</atprecis><attscale Sync="TRUE">1</attscale></attr><attr><attrlabl Sync="TRUE">EP_MOBILE</attrlabl><attalias Sync="TRUE">EP_MOBILE</attalias><attrtype Sync="TRUE">Double</attrtype><attwidth Sync="TRUE">19</attwidth><atprecis Sync="TRUE">18</atprecis><attscale Sync="TRUE">1</attscale></attr><attr><attrlabl Sync="TRUE">MP_MOBILE</attrlabl><attalias Sync="TRUE">MP_MOBILE</attalias><attrtype Sync="TRUE">Double</attrtype><attwidth Sync="TRUE">19</attwidth><atprecis Sync="TRUE">18</atprecis><attscale Sync="TRUE">1</attscale></attr><attr><attrlabl Sync="TRUE">EP_CROWD</attrlabl><attalias Sync="TRUE">EP_CROWD</attalias><attrtype Sync="TRUE">Double</attrtype><attwidth Sync="TRUE">19</attwidth><atprecis Sync="TRUE">18</atprecis><attscale Sync="TRUE">1</attscale></attr><attr><attrlabl Sync="TRUE">MP_CROWD</attrlabl><attalias Sync="TRUE">MP_CROWD</attalias><attrtype Sync="TRUE">Double</attrtype><attwidth Sync="TRUE">19</attwidth><atprecis Sync="TRUE">18</atprecis><attscale Sync="TRUE">1</attscale></attr><attr><attrlabl Sync="TRUE">EP_NOVEH</attrlabl><attalias Sync="TRUE">EP_NOVEH</attalias><attrtype Sync="TRUE">Double</attrtype><attwidth Sync="TRUE">19</attwidth><atprecis Sync="TRUE">18</atprecis><attscale Sync="TRUE">1</attscale></attr><attr><attrlabl Sync="TRUE">MP_NOVEH</attrlabl><attalias Sync="TRUE">MP_NOVEH</attalias><attrtype Sync="TRUE">Double</attrtype><attwidth Sync="TRUE">19</attwidth><atprecis Sync="TRUE">18</atprecis><attscale Sync="TRUE">1</attscale></attr><attr><attrlabl Sync="TRUE">EP_GROUPQ</attrlabl><attalias Sync="TRUE">EP_GROUPQ</attalias><attrtype Sync="TRUE">Double</attrtype><attwidth Sync="TRUE">19</attwidth><atprecis Sync="TRUE">18</atprecis><attscale Sync="TRUE">1</attscale></attr><attr><attrlabl Sync="TRUE">MP_GROUPQ</attrlabl><attalias Sync="TRUE">MP_GROUPQ</attalias><attrtype Sync="TRUE">Double</attrtype><attwidth Sync="TRUE">19</attwidth><atprecis Sync="TRUE">18</atprecis><attscale Sync="TRUE">1</attscale></attr><attr><attrlabl Sync="TRUE">EPL_MUNIT</attrlabl><attalias Sync="TRUE">EPL_MUNIT</attalias><attrtype Sync="TRUE">Double</attrtype><attwidth Sync="TRUE">19</attwidth><atprecis Sync="TRUE">18</atprecis><attscale Sync="TRUE">4</attscale></attr><attr><attrlabl Sync="TRUE">EPL_MOBILE</attrlabl><attalias Sync="TRUE">EPL_MOBILE</attalias><attrtype Sync="TRUE">Double</attrtype><attwidth Sync="TRUE">19</attwidth><atprecis Sync="TRUE">18</atprecis><attscale Sync="TRUE">4</attscale></attr><attr><attrlabl Sync="TRUE">EPL_CROWD</attrlabl><attalias Sync="TRUE">EPL_CROWD</attalias><attrtype Sync="TRUE">Double</attrtype><attwidth Sync="TRUE">19</attwidth><atprecis Sync="TRUE">18</atprecis><attscale Sync="TRUE">4</attscale></attr><attr><attrlabl Sync="TRUE">EPL_NOVEH</attrlabl><attalias Sync="TRUE">EPL_NOVEH</attalias><attrtype Sync="TRUE">Double</attrtype><attwidth Sync="TRUE">19</attwidth><atprecis Sync="TRUE">18</atprecis><attscale Sync="TRUE">4</attscale></attr><attr><attrlabl Sync="TRUE">EPL_GROUPQ</attrlabl><attalias Sync="TRUE">EPL_GROUPQ</attalias><attrtype Sync="TRUE">Double</attrtype><attwidth Sync="TRUE">19</attwidth><atprecis Sync="TRUE">18</atprecis><attscale Sync="TRUE">4</attscale></attr><attr><attrlabl Sync="TRUE">SPL_THEME4</attrlabl><attalias Sync="TRUE">SPL_THEME4</attalias><attrtype Sync="TRUE">Double</attrtype><attwidth Sync="TRUE">19</attwidth><atprecis Sync="TRUE">18</atprecis><attscale Sync="TRUE">4</attscale></attr><attr><attrlabl Sync="TRUE">RPL_THEME4</attrlabl><attalias Sync="TRUE">RPL_THEME4</attalias><attrtype Sync="TRUE">Double</attrtype><attwidth Sync="TRUE">19</attwidth><atprecis Sync="TRUE">18</atprecis><attscale Sync="TRUE">4</attscale></attr><attr><attrlabl Sync="TRUE">SPL_THEMES</attrlabl><attalias Sync="TRUE">SPL_THEMES</attalias><attrtype Sync="TRUE">Double</attrtype><attwidth Sync="TRUE">19</attwidth><atprecis Sync="TRUE">18</atprecis><attscale Sync="TRUE">4</attscale></attr><attr><attrlabl Sync="TRUE">E_DAYPOP</attrlabl><attalias Sync="TRUE">E_DAYPOP</attalias><attrtype Sync="TRUE">Integer</attrtype><attwidth Sync="TRUE">10</attwidth><atprecis Sync="TRUE">10</atprecis><attscale Sync="TRUE">0</attscale></attr><attr><attrlabl Sync="TRUE">E_NOINT</attrlabl><attalias Sync="TRUE">E_NOINT</attalias><attrtype Sync="TRUE">Integer</attrtype><attwidth Sync="TRUE">10</attwidth><atprecis Sync="TRUE">10</atprecis><attscale Sync="TRUE">0</attscale></attr><attr><attrlabl Sync="TRUE">M_NOINT</attrlabl><attalias Sync="TRUE">M_NOINT</attalias><attrtype Sync="TRUE">Integer</attrtype><attwidth Sync="TRUE">10</attwidth><atprecis Sync="TRUE">10</atprecis><attscale Sync="TRUE">0</attscale></attr><attr><attrlabl Sync="TRUE">E_AFAM</attrlabl><attalias Sync="TRUE">E_AFAM</attalias><attrtype Sync="TRUE">Integer</attrtype><attwidth Sync="TRUE">10</attwidth><atprecis Sync="TRUE">10</atprecis><attscale Sync="TRUE">0</attscale></attr><attr><attrlabl Sync="TRUE">M_AFAM</attrlabl><attalias Sync="TRUE">M_AFAM</attalias><attrtype Sync="TRUE">Integer</attrtype><attwidth Sync="TRUE">10</attwidth><atprecis Sync="TRUE">10</atprecis><attscale Sync="TRUE">0</attscale></attr><attr><attrlabl Sync="TRUE">E_HISP</attrlabl><attalias Sync="TRUE">E_HISP</attalias><attrtype Sync="TRUE">Integer</attrtype><attwidth Sync="TRUE">10</attwidth><atprecis Sync="TRUE">10</atprecis><attscale Sync="TRUE">0</attscale></attr><attr><attrlabl Sync="TRUE">M_HISP</attrlabl><attalias Sync="TRUE">M_HISP</attalias><attrtype Sync="TRUE">Integer</attrtype><attwidth Sync="TRUE">10</attwidth><atprecis Sync="TRUE">10</atprecis><attscale Sync="TRUE">0</attscale></attr><attr><attrlabl Sync="TRUE">E_ASIAN</attrlabl><attalias Sync="TRUE">E_ASIAN</attalias><attrtype Sync="TRUE">Integer</attrtype><attwidth Sync="TRUE">10</attwidth><atprecis Sync="TRUE">10</atprecis><attscale Sync="TRUE">0</attscale></attr><attr><attrlabl Sync="TRUE">M_ASIAN</attrlabl><attalias Sync="TRUE">M_ASIAN</attalias><attrtype Sync="TRUE">Integer</attrtype><attwidth Sync="TRUE">10</attwidth><atprecis Sync="TRUE">10</atprecis><attscale Sync="TRUE">0</attscale></attr><attr><attrlabl Sync="TRUE">E_AIAN</attrlabl><attalias Sync="TRUE">E_AIAN</attalias><attrtype Sync="TRUE">Integer</attrtype><attwidth Sync="TRUE">10</attwidth><atprecis Sync="TRUE">10</atprecis><attscale Sync="TRUE">0</attscale></attr><attr><attrlabl Sync="TRUE">M_AIAN</attrlabl><attalias Sync="TRUE">M_AIAN</attalias><attrtype Sync="TRUE">Integer</attrtype><attwidth Sync="TRUE">10</attwidth><atprecis Sync="TRUE">10</atprecis><attscale Sync="TRUE">0</attscale></attr><attr><attrlabl Sync="TRUE">E_NHPI</attrlabl><attalias Sync="TRUE">E_NHPI</attalias><attrtype Sync="TRUE">Integer</attrtype><attwidth Sync="TRUE">10</attwidth><atprecis Sync="TRUE">10</atprecis><attscale Sync="TRUE">0</attscale></attr><attr><attrlabl Sync="TRUE">M_NHPI</attrlabl><attalias Sync="TRUE">M_NHPI</attalias><attrtype Sync="TRUE">Integer</attrtype><attwidth Sync="TRUE">10</attwidth><atprecis Sync="TRUE">10</atprecis><attscale Sync="TRUE">0</attscale></attr><attr><attrlabl Sync="TRUE">E_TWOMORE</attrlabl><attalias Sync="TRUE">E_TWOMORE</attalias><attrtype Sync="TRUE">Integer</attrtype><attwidth Sync="TRUE">10</attwidth><atprecis Sync="TRUE">10</atprecis><attscale Sync="TRUE">0</attscale></attr><attr><attrlabl Sync="TRUE">M_TWOMORE</attrlabl><attalias Sync="TRUE">M_TWOMORE</attalias><attrtype Sync="TRUE">Integer</attrtype><attwidth Sync="TRUE">10</attwidth><atprecis Sync="TRUE">10</atprecis><attscale Sync="TRUE">0</attscale></attr><attr><attrlabl Sync="TRUE">EP_NOINT</attrlabl><attalias Sync="TRUE">EP_NOINT</attalias><attrtype Sync="TRUE">Double</attrtype><attwidth Sync="TRUE">19</attwidth><atprecis Sync="TRUE">18</atprecis><attscale Sync="TRUE">1</attscale></attr><attr><attrlabl Sync="TRUE">E_OTHERRAC</attrlabl><attalias Sync="TRUE">E_OTHERRAC</attalias><attrtype Sync="TRUE">Integer</attrtype><attwidth Sync="TRUE">10</attwidth><atprecis Sync="TRUE">10</atprecis><attscale Sync="TRUE">0</attscale></attr><attr><attrlabl Sync="TRUE">M_OTHERRAC</attrlabl><attalias Sync="TRUE">M_OTHERRAC</attalias><attrtype Sync="TRUE">Integer</attrtype><attwidth Sync="TRUE">10</attwidth><atprecis Sync="TRUE">10</atprecis><attscale Sync="TRUE">0</attscale></attr><attr><attrlabl Sync="TRUE">MP_NOINT</attrlabl><attalias Sync="TRUE">MP_NOINT</attalias><attrtype Sync="TRUE">Double</attrtype><attwidth Sync="TRUE">19</attwidth><atprecis Sync="TRUE">18</atprecis><attscale Sync="TRUE">1</attscale></attr><attr><attrlabl Sync="TRUE">EP_AFAM</attrlabl><attalias Sync="TRUE">EP_AFAM</attalias><attrtype Sync="TRUE">Double</attrtype><attwidth Sync="TRUE">19</attwidth><atprecis Sync="TRUE">18</atprecis><attscale Sync="TRUE">1</attscale></attr><attr><attrlabl Sync="TRUE">MP_AFAM</attrlabl><attalias Sync="TRUE">MP_AFAM</attalias><attrtype Sync="TRUE">Double</attrtype><attwidth Sync="TRUE">19</attwidth><atprecis Sync="TRUE">18</atprecis><attscale Sync="TRUE">1</attscale></attr><attr><attrlabl Sync="TRUE">EP_HISP</attrlabl><attalias Sync="TRUE">EP_HISP</attalias><attrtype Sync="TRUE">Double</attrtype><attwidth Sync="TRUE">19</attwidth><atprecis Sync="TRUE">18</atprecis><attscale Sync="TRUE">1</attscale></attr><attr><attrlabl Sync="TRUE">MP_HISP</attrlabl><attalias Sync="TRUE">MP_HISP</attalias><attrtype Sync="TRUE">Double</attrtype><attwidth Sync="TRUE">19</attwidth><atprecis Sync="TRUE">18</atprecis><attscale Sync="TRUE">1</attscale></attr><attr><attrlabl Sync="TRUE">EP_ASIAN</attrlabl><attalias Sync="TRUE">EP_ASIAN</attalias><attrtype Sync="TRUE">Double</attrtype><attwidth Sync="TRUE">19</attwidth><atprecis Sync="TRUE">18</atprecis><attscale Sync="TRUE">1</attscale></attr><attr><attrlabl Sync="TRUE">MP_ASIAN</attrlabl><attalias Sync="TRUE">MP_ASIAN</attalias><attrtype Sync="TRUE">Double</attrtype><attwidth Sync="TRUE">19</attwidth><atprecis Sync="TRUE">18</atprecis><attscale Sync="TRUE">1</attscale></attr><attr><attrlabl Sync="TRUE">EP_AIAN</attrlabl><attalias Sync="TRUE">EP_AIAN</attalias><attrtype Sync="TRUE">Double</attrtype><attwidth Sync="TRUE">19</attwidth><atprecis Sync="TRUE">18</atprecis><attscale Sync="TRUE">1</attscale></attr><attr><attrlabl Sync="TRUE">MP_AIAN</attrlabl><attalias Sync="TRUE">MP_AIAN</attalias><attrtype Sync="TRUE">Double</attrtype><attwidth Sync="TRUE">19</attwidth><atprecis Sync="TRUE">18</atprecis><attscale Sync="TRUE">1</attscale></attr><attr><attrlabl Sync="TRUE">EP_NHPI</attrlabl><attalias Sync="TRUE">EP_NHPI</attalias><attrtype Sync="TRUE">Double</attrtype><attwidth Sync="TRUE">19</attwidth><atprecis Sync="TRUE">18</atprecis><attscale Sync="TRUE">1</attscale></attr><attr><attrlabl Sync="TRUE">MP_NHPI</attrlabl><attalias Sync="TRUE">MP_NHPI</attalias><attrtype Sync="TRUE">Double</attrtype><attwidth Sync="TRUE">19</attwidth><atprecis Sync="TRUE">18</atprecis><attscale Sync="TRUE">1</attscale></attr><attr><attrlabl Sync="TRUE">EP_TWOMORE</attrlabl><attalias Sync="TRUE">EP_TWOMORE</attalias><attrtype Sync="TRUE">Double</attrtype><attwidth Sync="TRUE">19</attwidth><atprecis Sync="TRUE">18</atprecis><attscale Sync="TRUE">1</attscale></attr><attr><attrlabl Sync="TRUE">MP_TWOMORE</attrlabl><attalias Sync="TRUE">MP_TWOMORE</attalias><attrtype Sync="TRUE">Double</attrtype><attwidth Sync="TRUE">19</attwidth><atprecis Sync="TRUE">18</atprecis><attscale Sync="TRUE">1</attscale></attr><attr><attrlabl Sync="TRUE">F_POV150</attrlabl><attalias Sync="TRUE">F_POV150</attalias><attrtype Sync="TRUE">Integer</attrtype><attwidth Sync="TRUE">5</attwidth><atprecis Sync="TRUE">5</atprecis><attscale Sync="TRUE">0</attscale></attr><attr><attrlabl Sync="TRUE">EP_OTHERRA</attrlabl><attalias Sync="TRUE">EP_OTHERRA</attalias><attrtype Sync="TRUE">Double</attrtype><attwidth Sync="TRUE">19</attwidth><atprecis Sync="TRUE">18</atprecis><attscale Sync="TRUE">1</attscale></attr><attr><attrlabl Sync="TRUE">MP_OTHERRA</attrlabl><attalias Sync="TRUE">MP_OTHERRA</attalias><attrtype Sync="TRUE">Double</attrtype><attwidth Sync="TRUE">19</attwidth><atprecis Sync="TRUE">18</atprecis><attscale Sync="TRUE">1</attscale></attr><attr><attrlabl Sync="TRUE">F_UNEMP</attrlabl><attalias Sync="TRUE">F_UNEMP</attalias><attrtype Sync="TRUE">Integer</attrtype><attwidth Sync="TRUE">5</attwidth><atprecis Sync="TRUE">5</atprecis><attscale Sync="TRUE">0</attscale></attr><attr><attrlabl Sync="TRUE">F_HBURD</attrlabl><attalias Sync="TRUE">F_HBURD</attalias><attrtype Sync="TRUE">Integer</attrtype><attwidth Sync="TRUE">5</attwidth><atprecis Sync="TRUE">5</atprecis><attscale Sync="TRUE">0</attscale></attr><attr><attrlabl Sync="TRUE">F_NOHSDP</attrlabl><attalias Sync="TRUE">F_NOHSDP</attalias><attrtype Sync="TRUE">Integer</attrtype><attwidth Sync="TRUE">5</attwidth><atprecis Sync="TRUE">5</atprecis><attscale Sync="TRUE">0</attscale></attr><attr><attrlabl Sync="TRUE">F_UNINSUR</attrlabl><attalias Sync="TRUE">F_UNINSUR</attalias><attrtype Sync="TRUE">Integer</attrtype><attwidth Sync="TRUE">5</attwidth><atprecis Sync="TRUE">5</atprecis><attscale Sync="TRUE">0</attscale></attr><attr><attrlabl Sync="TRUE">F_THEME1</attrlabl><attalias Sync="TRUE">F_THEME1</attalias><attrtype Sync="TRUE">Integer</attrtype><attwidth Sync="TRUE">5</attwidth><atprecis Sync="TRUE">5</atprecis><attscale Sync="TRUE">0</attscale></attr><attr><attrlabl Sync="TRUE">F_AGE65</attrlabl><attalias Sync="TRUE">F_AGE65</attalias><attrtype Sync="TRUE">Integer</attrtype><attwidth Sync="TRUE">5</attwidth><atprecis Sync="TRUE">5</atprecis><attscale Sync="TRUE">0</attscale></attr><attr><attrlabl Sync="TRUE">F_AGE17</attrlabl><attalias Sync="TRUE">F_AGE17</attalias><attrtype Sync="TRUE">Integer</attrtype><attwidth Sync="TRUE">5</attwidth><atprecis Sync="TRUE">5</atprecis><attscale Sync="TRUE">0</attscale></attr><attr><attrlabl Sync="TRUE">F_DISABL</attrlabl><attalias Sync="TRUE">F_DISABL</attalias><attrtype Sync="TRUE">Integer</attrtype><attwidth Sync="TRUE">5</attwidth><atprecis Sync="TRUE">5</atprecis><attscale Sync="TRUE">0</attscale></attr><attr><attrlabl Sync="TRUE">F_SNGPNT</attrlabl><attalias Sync="TRUE">F_SNGPNT</attalias><attrtype Sync="TRUE">Integer</attrtype><attwidth Sync="TRUE">5</attwidth><atprecis Sync="TRUE">5</atprecis><attscale Sync="TRUE">0</attscale></attr><attr><attrlabl Sync="TRUE">F_THEME2</attrlabl><attalias Sync="TRUE">F_THEME2</attalias><attrtype Sync="TRUE">Integer</attrtype><attwidth Sync="TRUE">5</attwidth><atprecis Sync="TRUE">5</atprecis><attscale Sync="TRUE">0</attscale></attr><attr><attrlabl Sync="TRUE">F_MINRTY</attrlabl><attalias Sync="TRUE">F_MINRTY</attalias><attrtype Sync="TRUE">Integer</attrtype><attwidth Sync="TRUE">5</attwidth><atprecis Sync="TRUE">5</atprecis><attscale Sync="TRUE">0</attscale></attr><attr><attrlabl Sync="TRUE">F_LIMENG</attrlabl><attalias Sync="TRUE">F_LIMENG</attalias><attrtype Sync="TRUE">Integer</attrtype><attwidth Sync="TRUE">5</attwidth><atprecis Sync="TRUE">5</atprecis><attscale Sync="TRUE">0</attscale></attr><attr><attrlabl Sync="TRUE">F_THEME3</attrlabl><attalias Sync="TRUE">F_THEME3</attalias><attrtype Sync="TRUE">Integer</attrtype><attwidth Sync="TRUE">5</attwidth><atprecis Sync="TRUE">5</atprecis><attscale Sync="TRUE">0</attscale></attr><attr><attrlabl Sync="TRUE">F_MUNIT</attrlabl><attalias Sync="TRUE">F_MUNIT</attalias><attrtype Sync="TRUE">Integer</attrtype><attwidth Sync="TRUE">5</attwidth><atprecis Sync="TRUE">5</atprecis><attscale Sync="TRUE">0</attscale></attr><attr><attrlabl Sync="TRUE">F_MOBILE</attrlabl><attalias Sync="TRUE">F_MOBILE</attalias><attrtype Sync="TRUE">Integer</attrtype><attwidth Sync="TRUE">5</attwidth><atprecis Sync="TRUE">5</atprecis><attscale Sync="TRUE">0</attscale></attr><attr><attrlabl Sync="TRUE">F_CROWD</attrlabl><attalias Sync="TRUE">F_CROWD</attalias><attrtype Sync="TRUE">Integer</attrtype><attwidth Sync="TRUE">5</attwidth><atprecis Sync="TRUE">5</atprecis><attscale Sync="TRUE">0</attscale></attr><attr><attrlabl Sync="TRUE">F_NOVEH</attrlabl><attalias Sync="TRUE">F_NOVEH</attalias><attrtype Sync="TRUE">Integer</attrtype><attwidth Sync="TRUE">5</attwidth><atprecis Sync="TRUE">5</atprecis><attscale Sync="TRUE">0</attscale></attr><attr><attrlabl Sync="TRUE">F_GROUPQ</attrlabl><attalias Sync="TRUE">F_GROUPQ</attalias><attrtype Sync="TRUE">Integer</attrtype><attwidth Sync="TRUE">5</attwidth><atprecis Sync="TRUE">5</atprecis><attscale Sync="TRUE">0</attscale></attr><attr><attrlabl Sync="TRUE">F_THEME4</attrlabl><attalias Sync="TRUE">F_THEME4</attalias><attrtype Sync="TRUE">Integer</attrtype><attwidth Sync="TRUE">5</attwidth><atprecis Sync="TRUE">5</atprecis><attscale Sync="TRUE">0</attscale></attr><attr><attrlabl Sync="TRUE">F_TOTAL</attrlabl><attalias Sync="TRUE">F_TOTAL</attalias><attrtype Sync="TRUE">Integer</attrtype><attwidth Sync="TRUE">5</attwidth><atprecis Sync="TRUE">5</atprecis><attscale Sync="TRUE">0</attscale></attr><attr><attrlabl Sync="TRUE">SHAPE</attrlabl><attalias Sync="TRUE">Shape</attalias><attrtype Sync="TRUE">Geometry</attrtype><attwidth Sync="TRUE">0</attwidth><atprecis Sync="TRUE">0</atprecis><attscale Sync="TRUE">0</attscale><attrdef Sync="TRUE">Feature geometry.</attrdef><attrdefs Sync="TRUE">Esri</attrdefs><attrdomv><udom Sync="TRUE">Coordinates defining the features.</udom></attrdomv></attr><attr><attrlabl Sync="TRUE">SHAPE_STAr</attrlabl><attalias Sync="TRUE">SHAPE_STAr</attalias><attrtype Sync="TRUE">Double</attrtype><attwidth Sync="TRUE">19</attwidth><atprecis Sync="TRUE">0</atprecis><attscale Sync="TRUE">0</attscale></attr><attr><attrlabl Sync="TRUE">SHAPE_STLe</attrlabl><attalias Sync="TRUE">SHAPE_STLe</attalias><attrtype Sync="TRUE">Double</attrtype><attwidth Sync="TRUE">19</attwidth><atprecis Sync="TRUE">0</atprecis><attscale Sync="TRUE">0</attscale></attr></detailed></eainfo><distInfo><distFormat><formatName Sync="TRUE">Shapefile</formatName></distFormat><distTranOps><transSize Sync="TRUE">0.000</transSize></distTranOps></distInfo><mdHrLvName Sync="TRUE">dataset</mdHrLvName><spatRepInfo><VectSpatRep><geometObjs Name="vSVI2020_US_tract"><geoObjTyp><GeoObjTypCd value="002" Sync="TRUE"></GeoObjTypCd></geoObjTyp><geoObjCnt Sync="TRUE">0</geoObjCnt></geometObjs><topLvl><TopoLevCd value="001" Sync="TRUE"></TopoLevCd></topLvl></VectSpatRep></spatRepInfo><spdoinfo><ptvctinf><esriterm Name="vSVI2020_US_tract"><efeatyp Sync="TRUE">Simple</efeatyp><efeageom code="4" Sync="TRUE"></efeageom><esritopo Sync="TRUE">FALSE</esritopo><efeacnt Sync="TRUE">0</efeacnt><spindex Sync="TRUE">FALSE</spindex><linrefer Sync="TRUE">FALSE</linrefer></esriterm></ptvctinf></spdoinfo><mdDateSt Sync="TRUE">20221014</mdDateSt></metadata>
